Coin name,Market,Currency,Price,Open 24H,Range 24H
DGB,Yobit,BTC,0.00000535,0.00000558,4.90000000
DGB,Cryptopia,BTC,0.0000054,0.00000546,8.19999999
DGB,CCEX,BTC,4.4E-7,4.4E-7,0
DGB,Poloniex,BTC,0.00000539,0.00000562,4.50000000
DGB,LiveCoin,BTC,0.00000535,0.00000558,6.59999999
DGB,Novaexchange,BTC,0.0000053,0.00000563,0.00000169
DGB,BitTrex,BTC,0.00000537,0.00000563,4.40000000
DGB,Cryptsy,BTC,3.6E-7,3.6E-7,0
DGB,Cexio,BTC,4.2E-7,4.2E-7,0
DGB,Cryptopia,ETH,0.000027,0.000027,0
DGB,CCEX,ETH,0.000025,0.000025,0
DGB,Novaexchange,ETH,0.000057,0.000057,0
DGB,BitTrex,ETH,0.00006459,0.0000696,0.00006543
DGB,Cryptopia,LTC,0.00039687,0.00044116,0.00005445
DGB,CCEX,LTC,1.99999997,1.99999997,0
DGB,Novaexchange,LTC,0.00040002,0.00040002,0
DGB,Novaexchange,DOGE,9.50000011,9.50000023,1.49999999
DGB,Cryptopia,DOGE,9.30000002,9.30000004,0.44999999
DGB,CCEX,DOGE,0.4450003,0.4450003,0
ZEC,BitTrex,BTC,0.06317685,0.06190027,0.00228513
ZEC,TuxExchange,BTC,0.06287245,0.06999966,0.00863917
ZEC,BitSquare,BTC,0.12711972,0.12711972,0
ZEC,Cryptopia,BTC,0.06284259,0.06097645,0.00499681
ZEC,Kraken,BTC,0.062527,0.06201,0.00465900
ZEC,HitBTC,BTC,0.063471,0.062126,0.00229900
ZEC,Bitfinex,BTC,0.062654,0.062183,0.00236899
ZEC,Yobit,BTC,0.06199968,0.0614,0.00305848
ZEC,Exmo,BTC,0.06291873,0.06224074,0.00214812
ZEC,Poloniex,BTC,0.06335895,0.06227847,0.00224135
ZEC,BTER,BTC,0.062,0.0682,0.00619999
ZEC,TheRockTrading,BTC,0.06281,0.06207,0.00362999
ZEC,Kraken,USD,218,208,12.6152899
ZEC,HitBTC,USD,216,208.76,11.6699999
ZEC,Poloniex,USD,216.937516,210,10.5461896
ZEC,Bitfinex,USD,217.15,210,10.9199999
ZEC,BitTrex,USD,217,208.98,11.4059998
ZEC,Exmo,USD,208.5,205,8.5
ZEC,Kraken,EUR,184.95367,177.5,10.9536699
ZEC,Exmo,EUR,180.341659,170.322310,12.3042016
ZEC,Poloniex,ETH,0.7757855,0.77777,0.03676073
ZEC,HitBTC,ETH,0.79,0.815559,0.08610300
ZEC,BitTrex,ETH,0.77719659,0.777,0.04790000
ZEC,Yunbi,CNY,1382,1382,0
ZEC,BTER,CNY,1455,1387,95
ZEC,Exmo,RUB,12063.2862,12000,456.069999
ZEC,Poloniex,XMR,4.19852404,4.36518728,0.36382468
ZEC,Cryptopia,XMR,2.78962492,2.78962492,0
ZEC,Cryptopia,LTC,4.78999945,4.5116921,0.47704502
ZEC,Cryptopia,USDT,215,207,8
ZEC,Cryptopia,DOGE,107815,99838.6876,11977.0558
ZEC,Cryptopia,NZDT,268.120638,292.992842,24.8722044
PRC,CCEX,BTC,0.000004,0.00000334,0.00000129
PRC,Poloniex,BTC,6.9E-7,6.9E-7,0
BTS,Yunbi,CNY,1.02,1.02,0
BTS,BTER,CNY,1.0572,1.0415,0.13999999
BTS,BTC38,CNY,1.0522,1.055,0.09089999
BTS,Yobit,BTC,0.000068,0.00008691,0.00002188
BTS,Poloniex,BTC,0.00004572,0.00004645,0.00000382
BTS,BTER,BTC,0.0000495,0.0000482,0.00000509
BTS,BitTrex,BTC,0.00004558,0.00004616,0.00000399
BTS,Yunbi,BTC,0.00000999,0.00000999,0
BTS,LiveCoin,BTC,0.00004589,0.00004666,0.00000221
BTS,Tidex,BTC,0.000055,0.000055,0
BTS,CCEDK,BTC,0.00000936,0.00000936,0
BTS,BTC38,BTC,0.0000061,0.0000061,0
BTS,BitTrex,ETH,0.00056678,0.00059632,0.00006235
BTS,Tidex,WAVES,0.03,0.03,0
NXT,LiveCoin,BTC,0.00004221,0.00004438,0.00000599
NXT,HitBTC,BTC,0.00004088,0.00004144,0.00000708
NXT,BTC38,BTC,0.000017,0.000017,0
NXT,Cryptsy,BTC,0.00003059,0.00003059,0
NXT,CCEX,BTC,0.000042,0.000048,0.00001186
NXT,BitTrex,BTC,0.00004095,0.00004143,0.00000727
NXT,CCEDK,BTC,0.000016,0.000016,0
NXT,BitSquare,BTC,0.00002464,0.00002464,0
NXT,BTER,BTC,0.0000416,0.0000458,0.00000689
NXT,Poloniex,BTC,0.00004105,0.00004089,0.00000715
NXT,Jubi,CNY,0.913601,0.912,0.13300000
NXT,BTER,CNY,0.95,0.92,0.14880000
NXT,BTC38,CNY,0.921,0.93,0.12299999
NXT,CCEDK,CNY,0.00001,0.00001,0
NXT,Poloniex,XMR,0.00272833,0.00287303,0.00039791
NXT,CCEX,DOGE,50.0000000,50,1.00000008
DASH,CryptoX,BTC,0.06620057,0.06620057,0
DASH,Cryptopia,BTC,0.0554855,0.05840194,0.00448002
DASH,BitSquare,BTC,0.06746143,0.06746143,0
DASH,BTC38,BTC,0.0118,0.0118,0
DASH,Cryptsy,BTC,0.00682957,0.00682957,0
DASH,Liqui,BTC,0.05801015,0.05828041,0.00216170
DASH,Bleutrade,BTC,0.05600007,0.05725918,0.00371418
DASH,BTCE,BTC,0.07696,0.07696,0
DASH,BitTrex,BTC,0.05745,0.0577,0.00294948
DASH,Exmo,BTC,0.05761566,0.05773005,0.00329273
DASH,Tidex,BTC,0.05700377,0.05789421,0.00303662
DASH,CCEDK,BTC,0.018,0.018,0
DASH,CCEX,BTC,0.05649923,0.05259001,0.00616447
DASH,TuxExchange,BTC,0.05775,0.05775,0
DASH,BTER,BTC,0.05607,0.05556,0.00177000
DASH,Kraken,BTC,0.059505,0.05827,0.00361999
DASH,Bitfinex,BTC,0.05766,0.058017,0.00312500
DASH,Poloniex,BTC,0.05769804,0.05775025,0.00326998
DASH,HitBTC,BTC,0.057304,0.057923,0.00314799
DASH,Novaexchange,BTC,0.058711,0.05712,0.00271097
DASH,LiveCoin,BTC,0.05726229,0.05808,0.00329985
DASH,Yobit,BTC,0.05737741,0.05782227,0.00322495
DASH,Bithumb,KRW,223400,217200,10800
DASH,HitBTC,USD,197.05,194.65,9.81999999
DASH,Exmo,USD,191.02,189,7.99899999
DASH,BTCE,USD,195.91266,195.91266,0
DASH,Poloniex,USD,197.26,194.75,8.49000000
DASH,BitTrex,USD,196.2,194.501,9.82199997
DASH,LiveCoin,USD,194.74477,182,15.2566699
DASH,Cryptsy,USD,2.94999999,2.94999999,0
DASH,Yobit,USD,194.200000,192.989999,14.9999999
DASH,Tidex,WUSD,187.693599,192.991639,6.24762529
DASH,CCEDK,USD,1,1,0
DASH,Kraken,USD,198.99992,193.80001,18.3232099
DASH,CCEX,USD,178.00001,180.001101,7
DASH,Bitfinex,USD,197.4,195.09,10.1700000
DASH,Tidex,WEUR,161.436359,174.482150,13.8489571
DASH,CCEDK,EUR,0.032,0.032,0
DASH,Kraken,EUR,168.79851,164.47708,10.8544899
DASH,BTCE,EUR,171.351,171.351,0
DASH,BTC38,CNY,1328.5,1280,50
DASH,BTER,CNY,1320,1291,70.5
DASH,Exmo,RUB,11141,11000,418.999949
DASH,BTCE,RUB,11810.277,11810.277,0
DASH,Novaexchange,ETH,0.8429234,0.8429234,0
DASH,Liqui,ETH,0.71738329,0.72400396,0.06066277
DASH,CCEX,ETH,2168.99999,2168.99999,0
DASH,HitBTC,ETH,0.700001,0.736045,0.04312199
DASH,BitTrex,ETH,0.73504982,0.75087866,0.05087660
DASH,BTCE,ETH,0.956,0.956,0
DASH,Cryptopia,USDT,198.752,190,14.7520000
DASH,Liqui,USDT,197.823778,193.278734,9.97294935
DASH,Poloniex,XMR,3.82377534,4.05200062,0.29091809
DASH,Yobit,RUR,11684.4993,11599.8799,678.755994
DASH,Novaexchange,LTC,5,5,0
DASH,Cryptsy,LTC,0.8878787,0.8878787,0
DASH,CCEX,LTC,2.32000005,2.32000005,0
DASH,Cryptopia,LTC,4.27,4.26999999,0.27664722
DASH,BTCE,LTC,4.756,4.756,0
DASH,Tidex,WAVES,38.0987,36.2452,3.20139999
DASH,Tidex,WEUR,161.436359,174.482150,13.8489571
DASH,Tidex,WUSD,187.693599,192.991639,6.24762529
DASH,Novaexchange,DOGE,124267.921,124267.921,0
DASH,Cryptopia,DOGE,94686.6936,93570.9095,1115.78401
DASH,CCEX,DOGE,40000.0000,40000.0000,0
DASH,Bleutrade,DOGE,101082.999,94987.5,7082.99999
DASH,CCEDK,DOGE,17245.0000,17245.0000,0
DOGE,Bleutrade,BTC,5.7E-7,5.9E-7,4.99999999
DOGE,LiveCoin,BTC,5.6E-7,5.9E-7,2.99999999
DOGE,Coinse,BTC,6.2E-7,6.2E-7,0
DOGE,BitTrex,BTC,5.7E-7,5.8E-7,3.99999999
DOGE,CCEDK,BTC,3.5E-7,3.5E-7,0
DOGE,Yobit,BTC,5.7E-7,5.9E-7,2.99999999
DOGE,Cryptsy,BTC,4.6E-7,4.6E-7,0
DOGE,Novaexchange,BTC,5.7E-7,5.9E-7,7.99999999
DOGE,TuxExchange,BTC,5.8E-7,7.5E-7,1.70000000
DOGE,BTER,BTC,5.7E-7,5.9E-7,4.99999999
DOGE,BitSquare,BTC,6.5E-7,6.5E-7,0
DOGE,Exmo,BTC,5.6E-7,5.9E-7,3.99999999
DOGE,Tidex,BTC,7.8E-7,7.8E-7,0
DOGE,CCEX,BTC,5.7E-7,5.7E-7,5.99999999
DOGE,Yacuna,BTC,8E-7,8E-7,0
DOGE,Cexio,BTC,3.1E-7,3.1E-7,0
DOGE,Poloniex,BTC,5.7E-7,5.9E-7,3.99999999
DOGE,HitBTC,BTC,5.64E-7,5.84E-7,2.89999999
DOGE,Cryptopia,BTC,5.6E-7,5.9E-7,4.99999999
DOGE,BTC38,BTC,2.8E-7,2.8E-7,0
DOGE,BTC38,CNY,0.01303,0.0132,0.00050000
DOGE,Jubi,CNY,0.012987,0.01318,0.00049700
DOGE,CCEDK,CNY,0.00012843,0.00012843,0
DOGE,BTER,CNY,0.01298,0.01313,0.00051999
DOGE,Yobit,USD,0.00195,0.00194977,0.00008958
DOGE,LiveCoin,USD,0.00192126,0.00187976,0.00013875
DOGE,CCEDK,USD,0.00012101,0.00012101,0
DOGE,CCEX,USD,0.0019,0.00190003,0.00015999
DOGE,BTER,USD,0.00015999,0.00015999,0
DOGE,Cryptsy,USD,0.0001852,0.0001852,0
DOGE,HitBTC,USD,0.001941,0.001956,0.00012000
DOGE,Cexio,USD,0.00013998,0.00013998,0
DOGE,Exmo,USD,0.00022101,0.00022101,0
DOGE,Yobit,RUR,0.11579,0.11362005,0.00509996
DOGE,Cexio,LTC,0.0000375,0.0000375,0
DOGE,Cryptsy,LTC,0.0000599,0.0000599,0
DOGE,Cryptopia,LTC,0.00004267,0.00004148,0.00000374
DOGE,CCEDK,LTC,0.00006301,0.00006301,0
DOGE,CCEX,LTC,0.00004111,0.000041,0.00002796
DOGE,Coinse,LTC,0.000055,0.000055,0
DOGE,Novaexchange,LTC,0.00004121,0.00004121,0
DOGE,Cryptopia,USDT,0.001889,0.00189937,0.00011112
DOGE,Cryptopia,NZDT,0.00256565,0.0026,0.00021297
DOGE,Tidex,WAVES,0.0004,0.0005,0.00009999
DOGE,Novaexchange,ESP2,7,6.99999993,0.30000673
LTC,OKCoin,CNY,312.6,310.5,11
LTC,BTCChina,CNY,310.25,310.88,8.5
LTC,Jubi,CNY,310.9,310,12.3199999
LTC,BTER,CNY,32.16,32.16,0
LTC,CHBTC,CNY,310.44,308.86,8.75999999
LTC,BTC38,CNY,310,309.02,14.5
LTC,Huobi,CNY,311,310.09,8.56999999
LTC,Bleutrade,BTC,0.01306668,0.01361003,0.00113331
LTC,Cryptopia,BTC,0.01326835,0.01360364,0.00078486
LTC,BitMarket,BTC,0.0131,0.0137,0.00069999
LTC,BTCE,BTC,0.01616,0.01616,0
LTC,Novaexchange,BTC,0.01332199,0.01399975,0.00149630
LTC,Kraken,BTC,0.013452,0.013682,0.00056900
LTC,Cryptsy,BTC,0.007699,0.007699,0
LTC,LiveCoin,BTC,0.0133312,0.01376099,0.00084675
LTC,Coinbase,BTC,0.01335,0.01369,0.00052999
LTC,HitBTC,BTC,0.01334,0.01369,0.00073999
LTC,BTER,BTC,0.01332,0.014,0.00161000
LTC,BTCChina,BTC,0.0135,0.0136,0.00130000
LTC,CCEX,BTC,0.01339897,0.0134,0.00055771
LTC,Bit2C,BTC,0.0133,0.0133,0
LTC,Exmo,BTC,0.01340538,0.01359235,0.00232399
LTC,TheRockTrading,BTC,0.01335,0.01362,0.00868000
LTC,Yacuna,BTC,0.0127884,0.0127884,0
LTC,BTCMarkets,BTC,0.0135,0.01300052,0.00299778
LTC,BTC38,BTC,0.005,0.005,0
LTC,Bitstamp,BTC,0.01333,0.01369998,0.00048999
LTC,BitTrex,BTC,0.0133799,0.01376153,0.00052080
LTC,Tidex,BTC,0.01329131,0.01374469,0.00071407
LTC,Yobit,BTC,0.01323992,0.01370999,0.00060996
LTC,Liqui,BTC,0.01928752,0.01928752,0
LTC,Coinse,BTC,0.0076,0.0076,0
LTC,BitSquare,BTC,0.01538285,0.01538285,0
LTC,BitBay,BTC,0.01305025,0.0152,0.00214975
LTC,Bitfinex,BTC,0.013366,0.01368,0.00064299
LTC,CryptoX,BTC,0.01360714,0.01367199,0.00018100
LTC,CCEDK,BTC,0.00830001,0.00830001,0
LTC,Poloniex,BTC,0.013381,0.01370477,0.00062765
LTC,Cexio,BTC,0.00449891,0.00449891,0
LTC,TuxExchange,BTC,0.01350025,0.01394364,0.00094417
LTC,Yobit,USD,45.61,45.5000000,1.79999000
LTC,Kraken,USD,46.00001,45.82176,1.62518000
LTC,BTCE,USD,41.279542,41.279542,0
LTC,TheRockTrading,USD,35,35,0
LTC,OKCoin,USD,48.21,48.048,1.54899999
LTC,Poloniex,USD,45.9758891,46.0100000,1.28000009
LTC,Tidex,WUSD,44.2456566,45.8137552,2.57494084
LTC,LiveCoin,USD,45.1147,43.41,3.58999000
LTC,BitBay,USD,43.94,43,3.95000000
LTC,Bitfinex,USD,45.868,46,1.28999999
LTC,Cryptsy,USD,3.28895,3.28895,0
LTC,Exmo,USD,44.5920089,44.72776,1.79988999
LTC,BitTrex,USD,45.75,46,1.49599994
LTC,Coinbase,USD,45.88,45.69,0.81000000
LTC,Cexio,USD,4.36999999,4.36999999,0
LTC,HitBTC,USD,45.926,45.922,4.10900000
LTC,Bitstamp,USD,45.88,45.9,1.29999999
LTC,CCEDK,USD,3.94899999,3.94899999,0
LTC,CCEX,USD,45.5,44,3
LTC,Bithumb,KRW,52040,51600,1470
LTC,BitSquare,EUR,34.6467,34.6467,0
LTC,Tidex,WEUR,37.8666141,41.2137695,4.20566924
LTC,HitBTC,EUR,37.987,34.5,11.3690000
LTC,Kraken,EUR,39.16286,38.9,0.93549999
LTC,CCEDK,EUR,4.35,4.35,0
LTC,Yacuna,EUR,8.88,8.88,0
LTC,BTCE,EUR,35.968,35.968,0
LTC,TheRockTrading,EUR,38.85,39.2,1.71000000
LTC,Bitstamp,EUR,39.03,38.96,0.95000000
LTC,Cexio,EUR,4.2313,4.2313,0
LTC,Exmo,EUR,38.89999,37.12,2.16596727
LTC,BitBay,EUR,41.5,38.4,3.14999999
LTC,Coinbase,EUR,39.15,38.79,1.09000000
LTC,BitTrex,ETH,0.16437595,0.17201223,0.00962187
LTC,Cryptopia,ETH,0.6,0.6,0
LTC,CCEX,ETH,0.62356113,0.62356113,0
LTC,Novaexchange,ETH,0.19010039,0.19010039,0
LTC,Liqui,ETH,0.198852,0.198852,0
LTC,BitBay,PLN,162.46,159.66,7.58000000
LTC,BitMarket,PLN,162.28,162,5.34970000
LTC,QuadrigaCX,CAD,60.01,60,2.46999999
LTC,BTCMarkets,AUD,58.95,57.99,2.05000000
LTC,MercadoBitcoin,BRL,147.2,146.24999,7.90000000
LTC,BTCE,RUB,2478.86708,2478.86708,0
LTC,Exmo,RUB,2600,2607,110.660985
LTC,Cryptopia,USDT,45,44.9000000,2.88660962
LTC,Liqui,USDT,45.5190323,45.6565325,2.57330987
LTC,Poloniex,XMR,0.88742261,0.9591672,0.09257738
LTC,Yobit,RUR,2694.73856,2682,71.4999999
LTC,Bit2C,ILS,164.87,154,10.8799999
LTC,Tidex,WAVES,8.9098,8.5358,0.78920000
LTC,Cryptopia,NZDT,62.4670795,58.8765097,3.62349026
LTC,Tidex,WEUR,37.8666141,41.2137695,4.20566924
LTC,Tidex,WUSD,44.2456566,45.8137552,2.57494084
ETC,Bithumb,KRW,17380,17400,380
ETC,Korbit,KRW,17380,17460,530
ETC,Coinone,KRW,20100,20100,0
ETC,Novaexchange,BTC,0.0045,0.00450122,0.00049999
ETC,Bitfinex,BTC,0.0044469,0.0045795,0.00024140
ETC,CCEX,BTC,0.0044,0.0050999,0.00209990
ETC,Yobit,BTC,0.00430003,0.00454001,0.00033198
ETC,Kraken,BTC,0.00441224,0.00455204,0.00024199
ETC,BitSquare,BTC,0.00673723,0.00673723,0
ETC,BTER,BTC,0.004456,0.004513,0.00066100
ETC,HitBTC,BTC,0.00439,0.004584,0.00043099
ETC,Cryptopia,BTC,0.00442226,0.00459995,0.00043216
ETC,BTCMarkets,BTC,0.004115,0.0047,0.00142831
ETC,BitTrex,BTC,0.00440163,0.00459999,0.00032850
ETC,Poloniex,BTC,0.0044241,0.00458697,0.00021512
ETC,CHBTC,CNY,103.2,103.61,2.48000000
ETC,Jubi,CNY,103.1,104.79,2.82999999
ETC,BTER,CNY,15.999,15.999,0
ETC,Yunbi,CNY,103.32,103.32,0
ETC,BTC38,CNY,102.6,103.4,2.89999999
ETC,HitBTC,USD,15,14.53,1.27000000
ETC,BitTrex,USD,15.1310000,15.4,0.65799995
ETC,Poloniex,USD,15.1500003,15.4261156,0.69000010
ETC,Kraken,USD,15.29992,15.369,0.5
ETC,Bitfinex,USD,15.2,15.464,0.64000000
ETC,CCEX,USD,15,14.5,0.5
ETC,HitBTC,ETH,0.058583,0.060114,0.00698000
ETC,Novaexchange,ETH,0.0007218,0.0007218,0
ETC,BitTrex,ETH,0.05506831,0.05668897,0.00363945
ETC,CCEX,ETH,0.01000006,0.01000006,0
ETC,Poloniex,ETH,0.05464289,0.05713408,0.00356441
ETC,Kraken,ETH,0.05456607,0.05629012,0.00388974
ETC,BTER,ETH,0.062,0.05,0.01299996
ETC,Kraken,EUR,12.95,13.1,0.52408999
ETC,BTCMarkets,AUD,19.84,19.4,0.83000000
ETC,CCEX,LTC,0.30576005,0.32,0.01423995
ETC,Novaexchange,LTC,0.365,0.365,0
ETC,Cryptopia,LTC,0.32000099,0.31972287,0.00127267
ETC,CCEX,DOGE,7501.00000,7501.00000,0
ETC,Novaexchange,DOGE,29990,29990,0
ETC,Cryptopia,DOGE,8100,7509.32414,617.331301
ETC,Cryptopia,NZDT,20,19.89,0.10999999
XPY,Cryptsy,BTC,0.00006116,0.00006116,0
XPY,CCEX,BTC,0.000595,0.000595,0
XPY,BitTrex,BTC,0.00000496,0.00000496,0
XPY,Yobit,BTC,0.0000051,0.0000051,0
PPC,Jubi,CNY,12.513,12.575,2.85500000
PPC,BTER,CNY,12.3,12.23,1.19999999
PPC,CCEDK,CNY,3.25,3.25,0
PPC,BTC38,CNY,12.39,12.71,1.22999999
PPC,Novaexchange,BTC,0.0004545,0.00054001,0.00008550
PPC,TuxExchange,BTC,0.00059999,0.00059999,0
PPC,BTER,BTC,0.00053,0.00055,0.00015999
PPC,BitTrex,BTC,0.00053006,0.00056681,0.00007740
PPC,Yobit,BTC,0.00052252,0.00058464,0.00006380
PPC,BTCE,BTC,0.00071,0.00071,0
PPC,Cryptopia,BTC,0.00053054,0.00056288,0.00005224
PPC,Bleutrade,BTC,0.0005601,0.00054704,0.00003583
PPC,Cryptsy,BTC,0.0013,0.0013,0
PPC,Coinse,BTC,0.00139,0.00139,0
PPC,LiveCoin,BTC,0.00055317,0.00056699,0.00006024
PPC,CCEDK,BTC,0.0008,0.0008,0
PPC,Poloniex,BTC,0.00053145,0.00055614,0.00004719
PPC,TheRockTrading,BTC,0.00059,0.00056,0.00005999
PPC,TheRockTrading,EUR,1.75,1.59,0.17999999
PPC,CCEDK,EUR,0.89,0.89,0
PPC,CCEDK,LTC,0.07237482,0.07237482,0
PPC,Cryptsy,LTC,0.1594012,0.1594012,0
PPC,Cryptopia,LTC,0.041,0.03883336,0.00216664
PPC,Novaexchange,LTC,0.02506016,0.02506016,0
PPC,Novaexchange,ETH,0.00439662,0.00439662,0
PPC,Cryptopia,ETH,0.0360377,0.0360377,0
PPC,Bleutrade,DOGE,910.387,1011.23,100.843000
PPC,Cryptopia,DOGE,966.666666,966.666666,0
BTC,Coincheck,JPY,386018,370973,24461
BTC,LakeBTC,JPY,390491,383844,16416
BTC,Kraken,JPY,382207.1,368687.1,31292.9000
BTC,Zaif,JPY,384695,370940,24755
BTC,bitFlyerFX,JPY,388500,379500,19658
BTC,LocalBitcoins,JPY,354630.47,337119.24,121619.5
BTC,bitFlyer,JPY,384718,370994,23124
BTC,BitSquare,JPY,131007.863,131007.863,0
BTC,Quoine,JPY,385823.733,371049.92,22999
BTC,MonetaGo,JPY,28363.57,28363.57,0
BTC,Coinbase,USD,3430.49,3341.41,161
BTC,BitBay,USD,3434.99,3246,189.989999
BTC,Coinfloor,USD,3407,3330,734
BTC,Bitfinex,USD,3431.8,3367.4,162.800000
BTC,BTCE,USD,2546,2546,0
BTC,LakeBTC,USD,3525.15,3449.45,153.800000
BTC,TheRockTrading,USD,3429.7,3377.81,173.569999
BTC,CCEDK,BITUSD,429.278801,429.278801,0
BTC,Yunbi,BITUSD,370,370,0
BTC,QuadrigaCX,USD,3478,3390,309.670000
BTC,Yobit,USD,3430,3332.00001,137.999989
BTC,itBit,USD,3435.97,3353.62,160.630000
BTC,Exmo,USD,3323.97,3298,149.999898
BTC,LocalBitcoins,USD,4750,4442.45,14143.9400
BTC,BitSquare,USD,3704.2135,3224.17,480.043499
BTC,CCEDK,USD,530,530,0
BTC,BTER,BITUSD,15,15,0
BTC,Huobi,USD,1861.8,1861.8,0
BTC,BitTrex,USD,3434.99,3357.028,164
BTC,MonetaGo,USD,384.02,384.02,0
BTC,Cryptsy,USD,427.934873,427.934873,0
BTC,CCEX,USD,620.5,620.5,0
BTC,Poloniex,USD,3427.40313,3362.45062,149.000000
BTC,Tidex,WUSD,3340.57443,3330.48504,156.282094
BTC,Bitstamp,USD,3437.74,3355.3,165
BTC,OKCoin,USD,3608.25,3480,252.389999
BTC,Gemini,USD,3436.74,3337.4,150.409999
BTC,Kraken,USD,3449.99,3342.861,173.235000
BTC,WavesDEX,USD,2449,3229.86,951
BTC,HitBTC,USD,3427.86,3350.6,151.610000
BTC,Coinsetter,USD,410,410,0
BTC,Quoine,USD,3463.25845,3339.74463,265.101560
BTC,Gatecoin,USD,3442.7,3313.2,208.300000
BTC,LiveCoin,USD,3407.16788,3145.59992,324.999949
BTC,Cexio,USD,3488.5,3356.4999,197.326599
BTC,LocalBitcoins,KRW,4428652.06,3627901.02,826487.569
BTC,Coinone,KRW,3909000,3771000,244000
BTC,Korbit,KRW,3908500,3784000,220000
BTC,Bithumb,KRW,3908000,3656000,310000
BTC,Huobi,CNY,23150,22350,1458.95999
BTC,CCEDK,BITCNY,2291.59272,2291.59272,0
BTC,LocalBitcoins,CNY,22669.65,25800,6562.01999
BTC,CHBTC,CNY,23174.92,22357.01,1448.00999
BTC,BTC38,CNY,22901,22000,1599.90000
BTC,MonetaGo,CNY,2942.53,2942.53,0
BTC,BitSquare,CNY,13260.9,13260.9,0
BTC,Yunbi,CNY,21700,21700,0
BTC,BitTrex,BITCNY,23865.9999,21200.0000,2665.99999
BTC,LakeBTC,CNY,20790.31,20790.31,0
BTC,BTCChina,CNY,23148.98,22301.01,1465
BTC,Quoine,CNY,15197.9430,15197.9430,0
BTC,Jubi,CNY,23211.7,22318,1398
BTC,OKCoin,CNY,23088,22370,1422.65000
BTC,CCEDK,CNY,0.01,0.01,0
BTC,ViaBTC,CNY,22900,22343.33,1888.84000
BTC,BTER,CNY,3861.72,3861.72,0
BTC,Yacuna,EUR,250,250,0
BTC,Quoine,EUR,2928.65663,2689.15974,256.852739
BTC,LocalBitcoins,EUR,3269.32,2453.3,5071.10000
BTC,Cryptsy,EUR,420,420,0
BTC,MonetaGo,EUR,243.59,243.59,0
BTC,CCEDK,EUR,439.581583,439.581583,0
BTC,TheRockTrading,EUR,2915.9,2867.36,120
BTC,Kraken,EUR,2920.001,2835,142.276000
BTC,BitSquare,EUR,2913.4,2797.3092,121.135199
BTC,Coinfloor,EUR,2992,2760,232
BTC,WavesDEX,EUR,2736.34,2753.66,183.710000
BTC,Bitstamp,EUR,2930,2848.5,147.969999
BTC,Coinbase,EUR,2927.25,2850,148.389999
BTC,BitMarket,EUR,2908.2036,2776.7155,159.494799
BTC,LiveCoin,EUR,2926.50091,2900,175
BTC,Paymium,EUR,2905,2830,198.769999
BTC,HitBTC,EUR,2499.16,2050.14,449.030000
BTC,BTCE,EUR,2226.85317,2226.85317,0
BTC,Cexio,EUR,2899.7,2809,147.463200
BTC,Tidex,WEUR,2844.72914,2996.08365,229.740432
BTC,BitBay,EUR,2919.96,2759.99,280
BTC,itBit,EUR,2906.6,2816.12,119.380000
BTC,Exmo,EUR,2884.44534,2735,202.671793
BTC,Gatecoin,EUR,2915.9,2808.1,200.209899
BTC,LakeBTC,EUR,2980.95,2926.73,125.519999
BTC,LocalBitcoins,PLN,12674.51,12086.15,1502.32999
BTC,BitBay,PLN,12300,11697.07,702.930000
BTC,BitSquare,PLN,1763.12,1763.12,0
BTC,Coinfloor,PLN,12301,11938,363
BTC,BitMarket,PLN,12300,11810,764.998999
BTC,BitSquare,GBP,2473.3926,2473.3926,0
BTC,LocalBitcoins,GBP,2773.1,2649.56,13828.1700
BTC,Coinfloor,GBP,2646,2559,128
BTC,MonetaGo,GBP,172.55,172.55,0
BTC,BTCE,GBP,151,151,0
BTC,Yacuna,GBP,150,150,0
BTC,LakeBTC,GBP,2729.07,2667.88,114.549999
BTC,Coinbase,GBP,2652.06,2569.5,129.300000
BTC,Kraken,GBP,2777.995,2582.961,262.987000
BTC,CCEDK,GBP,225.01,225.01,0
BTC,LocalBitcoins,ZAR,48120,44400,14230.4199
BTC,MonetaGo,ZAR,7104.44,7104.44,0
BTC,Luno,ZAR,48410,45989,4736
BTC,BitSquare,ZAR,28530.48,28530.48,0
BTC,LakeBTC,AUD,4433.07,4365.63,179.150000
BTC,BitSquare,AUD,3740.4,3740.4,0
BTC,Quoine,AUD,4349.09046,4100.44794,258.506550
BTC,MonetaGo,AUD,606.55,606.55,0
BTC,BTCMarkets,AUD,4419.24,4250.99,250
BTC,LocalBitcoins,AUD,4607.97,4700,22368.1899
BTC,BitSquare,CAD,2800,2800,0
BTC,QuadrigaCX,CAD,4472.49,4365.99,223.970000
BTC,Cryptsy,CAD,320.000028,320.000028,0
BTC,MonetaGo,CAD,596.61,596.61,0
BTC,LocalBitcoins,CAD,7523.01,3534.75,18337.8300
BTC,Coinbase,CAD,861.74,861.74,0
BTC,LakeBTC,CAD,4467.96,4376.06,183.730000
BTC,Kraken,CAD,4382.3,4250,464.088999
BTC,MonetaGo,MXN,7762.4,7762.4,0
BTC,Bitso,MXN,60443.29,57413.78,4635.23999
BTC,LocalBitcoins,MXN,61492.12,58418.41,16370.7999
BTC,CCEDK,RUB,0.11111155,0.11111155,0
BTC,MonetaGo,RUB,15549.99,15549.99,0
BTC,Exmo,RUB,191701.501,191604.921,9950
BTC,BTCE,RUB,154032.522,154032.522,0
BTC,LocalBitcoins,RUB,207888.02,191650.99,694369.310
BTC,LocalBitcoins,BRL,11523.37,15624.02,5571.02000
BTC,BitSquare,BRL,9930.31,9930.31,0
BTC,MercadoBitcoin,BRL,10965.9999,10729.9678,429.000050
BTC,Luno,MYR,14890,14060,1591
BTC,LocalBitcoins,MYR,14837.15,13929.18,4171.35000
BTC,MonetaGo,INR,29086.99,29086.99,0
BTC,Unocoin,INR,222908,210786,31642
BTC,Quoine,INR,192749.799,192749.799,0
BTC,LocalBitcoins,INR,230961.47,225999.99,71323.5899
BTC,itBit,SGD,4691,4565.82,125.180000
BTC,Luno,SGD,1660,1660,0
BTC,LakeBTC,SGD,4794.34,4711.29,201.130000
BTC,LocalBitcoins,SGD,4907.69,4661.35,825.619999
BTC,Quoine,SGD,4722.42833,4571.57844,219.613709
BTC,MonetaGo,SGD,641.89,641.89,0
BTC,Luno,NGN,1223995,1168789,80490
BTC,LocalBitcoins,NGN,1206335.67,1161444.91,278009.450
BTC,Yobit,RUR,203713,195375.249,9347.75
BTC,LiveCoin,RUR,196090.05,180000.76,20477.9599
BTC,LakeBTC,HKD,20852.54,20852.54,0
BTC,Quoine,HKD,22045.9853,22045.9853,0
BTC,Gatecoin,HKD,26720,25593.92,1730.29999
BTC,BitSquare,HKD,16218.342,16218.342,0
BTC,MonetaGo,HKD,3454.72,3454.72,0
BTC,LocalBitcoins,HKD,26473.77,24887.08,3485.97999
BTC,Bit2C,ILS,11800.1,11500,500
BTC,BitSquare,ILS,9692.2794,9692.2794,0
BTC,LocalBitcoins,ILS,12000.14,12000.14,0
BTC,MonetaGo,ILS,929.6,929.6,0
BTC,LocalBitcoins,UAH,88388.82,81805.34,16585.9600
BTC,Exmo,UAH,84048.71,79215.8762,10595.3330
BTC,BitSquare,NZD,3420.4992,3420.4992,0
BTC,MonetaGo,NZD,369.23,369.23,0
BTC,LocalBitcoins,NZD,4428.85,4853,2694.48999
BTC,LocalBitcoins,IDR,42344352.7,36635270.2,15364414.7
BTC,Quoine,IDR,41899484.6,44498061.9,4777462.64
BTC,Luno,IDR,45756000,43206000,3000000
BTC,MonetaGo,THB,8625.97,8625.97,0
BTC,LocalBitcoins,THB,119999,112299.3,26033.8399
BTC,Vaultoro,GOLD,86.1993912,83.5163733,17.1925607
BTC,BitSquare,NOK,15494.1162,15494.1162,0
BTC,LocalBitcoins,NOK,29621.59,24952.38,5072.59999
BTC,Liqui,USDT,2759.02529,2759.02529,0
BTC,Cryptopia,USDT,3450,3330,243.800000
BTC,LocalBitcoins,PKR,331474.95,318695.54,82860.7800
BTC,LocalBitcoins,VEF,37690010.6,47490010.4,20350293.7
BTC,LocalBitcoins,SEK,27486.19,28199.99,15799.9600
BTC,MonetaGo,SEK,2300,2300,0
BTC,BitSquare,SEK,22800,22800,0
BTC,LocalBitcoins,COP,8813360.35,9350001.89,1397356.31
BTC,LocalBitcoins,AED,13559.24,12367.46,2506.93000
BTC,MonetaGo,AED,869.85,869.85,0
BTC,MonetaGo,RON,1884.69,1884.69,0
BTC,LocalBitcoins,RON,14378.08,13472.94,3773.39000
BTC,Cryptopia,NZDT,4767.68712,4444,464.306440
BTC,LocalBitcoins,PEN,11737.72,11314.67,2048.15999
BTC,LocalBitcoins,CLP,2311214.24,2473113.14,393962.420
BTC,LocalBitcoins,KES,346691.37,352834.62,66964.4400
BTC,Quoine,PHP,167938.080,162293.095,6593.37203
BTC,LocalBitcoins,PHP,169711.05,182912.08,26212.2799
BTC,LocalBitcoins,PAB,3270,3130,416.059999
BTC,LocalBitcoins,SAR,14624.78,13737.7,1876.84000
BTC,LocalBitcoins,ARS,64315.67,59790.8,14771.2199
BTC,MonetaGo,TRY,716.35,716.35,0
BTC,LocalBitcoins,TRY,12836.5,11596.76,2414.85000
BTC,LocalBitcoins,MAD,34177.05,33856.12,7154.09000
BTC,BitSquare,CHF,2550,2550,0
BTC,MonetaGo,CHF,443.4,443.4,0
BTC,LakeBTC,CHF,3430,3243.83,212.079999
BTC,LocalBitcoins,CHF,3585.67,3355.7,2853.61000
BTC,LocalBitcoins,TWD,109511.07,99850.97,9660.10000
BTC,LocalBitcoins,RSD,385206.2,302397.79,82808.4100
BTC,LocalBitcoins,VND,78264579.3,67968680.7,16473677.8
BTC,LocalBitcoins,DOP,165401.76,155585.94,29061.1499
BTC,MonetaGo,CZK,6604.57,6604.57,0
BTC,LocalBitcoins,CZK,76903.79,68955.34,10317.2600
BTC,CCEDK,BITCNY,2291.59272,2291.59272,0
BTC,BitTrex,BITCNY,23865.9999,21200.0000,2665.99999
ETH,Coinone,KRW,318500,302000,21550
ETH,Bithumb,KRW,417500,423900,8850
ETH,Korbit,KRW,318500,302200,21850
ETH,BTCE,USD,205.50099,205.50099,0
ETH,OKCoin,USD,294.76,281.86,18.5899999
ETH,Kraken,USD,279.17776,270.34493,14.2699700
ETH,Cexio,USD,282.959997,275.659999,13.8098939
ETH,Exmo,USD,268,265.99,12.3289998
ETH,Coinbase,USD,278.93,268.63,13.6600000
ETH,WavesDEX,USD,268.65,253,38.6499999
ETH,BitTrex,USD,278.19,269.100000,14.5723500
ETH,Poloniex,USD,278.9812,270.899999,13.6270000
ETH,Gemini,USD,278.78,269.1,14.3199999
ETH,Bitfinex,USD,278.99,271.24,15.1700000
ETH,Cryptsy,USD,1.85,1.85,0
ETH,HitBTC,USD,278.01,268.7,15.3599999
ETH,Tidex,WUSD,266.316089,265.25,11.2004970
ETH,LiveCoin,USD,281.8,251.50012,34.9999099
ETH,BitBay,USD,274,253,21
ETH,Yobit,USD,278.309495,267.5,14.2945020
ETH,CCEX,USD,287,258,29
ETH,Gatecoin,USD,284.317,265,19.3170000
ETH,Quoine,USD,270,286.632,21.6320000
ETH,BitTrex,BTC,0.08132,0.08023,0.00337981
ETH,Yobit,BTC,0.08111742,0.08051969,0.00336161
ETH,Cryptsy,BTC,0.003603,0.003603,0
ETH,Quoine,BTC,0.08641,0.07693,0.00950000
ETH,TheRockTrading,BTC,0.0823,0.0805,0.00358999
ETH,Yunbi,BTC,0.019,0.019,0
ETH,Liqui,BTC,0.080984,0.08054477,0.00584039
ETH,Bitfinex,BTC,0.081422,0.080747,0.00346699
ETH,Exmo,BTC,0.0808726,0.08052,0.00340213
ETH,TuxExchange,BTC,0.078999,0.08,0.00200000
ETH,HitBTC,BTC,0.08154,0.08042,0.00354600
ETH,Gatecoin,BTC,0.081479,0.080567,0.00389399
ETH,BitBay,BTC,0.0811543,0.0804,0.01163945
ETH,Coinbase,BTC,0.08111,0.08066,0.00357000
ETH,CCEX,BTC,0.0814,0.08,0.00298067
ETH,Novaexchange,BTC,0.07900063,0.08149997,0.00539996
ETH,Bleutrade,BTC,0.08042262,0.08129494,0.00540614
ETH,Tidex,BTC,0.08083832,0.079545,0.00175511
ETH,Cryptopia,BTC,0.0809226,0.08003875,0.00793752
ETH,BTCE,BTC,0.08039,0.08039,0
ETH,LiveCoin,BTC,0.08117082,0.081795,0.00390279
ETH,QuadrigaCX,BTC,0.08129005,0.08025589,0.00265687
ETH,Gemini,BTC,0.08124,0.08057,0.00345000
ETH,Kraken,BTC,0.081201,0.081,0.00356100
ETH,BitSquare,BTC,0.08375325,0.08375325,0
ETH,BTCMarkets,BTC,0.08298414,0.07558709,0.00739780
ETH,Cexio,BTC,0.08159999,0.0825,0.00407775
ETH,bitFlyer,BTC,0.08187,0.08053,0.00336000
ETH,WavesDEX,BTC,0.07999999,0.0808845,0.01588443
ETH,BTER,BTC,0.08207,0.081203,0.00635700
ETH,Poloniex,BTC,0.08140003,0.08046,0.00350372
ETH,Yunbi,CNY,1767,1767,0
ETH,BTC38,CNY,1910.8,1827.8,152
ETH,Jubi,CNY,1911,1812,147.009999
ETH,BTER,CNY,95,95,0
ETH,OKCoin,CNY,1902,1811,140.140000
ETH,ViaBTC,CNY,1897.86,1808.13,137.190000
ETH,Huobi,CNY,1892,1813.3,123.789999
ETH,CHBTC,CNY,1901.5,1807.78,139.860000
ETH,TheRockTrading,EUR,238.54,233.46,15.9700000
ETH,Coinbase,EUR,236.94,229.83,11.3199999
ETH,Gatecoin,EUR,237.3,229.16,13.9300000
ETH,HitBTC,EUR,180.0003,212.8814,48.7228000
ETH,Quoine,EUR,322.99007,322.99007,0
ETH,Exmo,EUR,232.763,220.362156,16.7221743
ETH,BTCE,EUR,179.23012,179.23012,0
ETH,Kraken,EUR,237.39999,228.2,12.1899999
ETH,WavesDEX,EUR,238.42,215.53,22.8899999
ETH,BitBay,EUR,233,210,23
ETH,Tidex,WEUR,229.060021,238.364358,17.8315548
ETH,QuadrigaCX,CAD,363.94,353.55,19.9600000
ETH,Kraken,CAD,357,343,22
ETH,Tidex,WAVES,53.6286,49.6148,5.71609999
ETH,WavesDEX,WAVES,45.2000000,45.11,11.9998999
ETH,Bitso,MXN,4900,4570,435
ETH,Quoine,AUD,0.01,0.01,0
ETH,BTCMarkets,AUD,361.5,340.02,25.3999999
ETH,BitBay,PLN,997,940,63.7999999
ETH,Kraken,GBP,220,207,35.8994899
ETH,Cryptopia,USDT,275,272,21.5612737
ETH,Liqui,USDT,277.622549,268.114616,15.3864262
ETH,EthexIndia,INR,18000,17049,1000
ETH,Exmo,RUB,15590,15498.98,700
ETH,BTCE,RUB,12350.0894,12350.0894,0
ETH,Cryptsy,LTC,0.45000006,0.45000006,0
ETH,BTCE,LTC,4.98,4.98,0
ETH,Exmo,LTC,6.03732901,5.94,0.45382999
ETH,Cryptopia,LTC,5.75499816,5.65879195,4.51000001
ETH,CCEX,LTC,4.8000001,4.8000001,0
ETH,LiveCoin,RUR,13521.0001,13521.0001,0
ETH,Yobit,RUR,16489,15700,937.998999
ETH,Gatecoin,HKD,2255.13,2119.5,275
ETH,Exmo,UAH,6821.97289,6404.61924,679.493724
ETH,Kraken,JPY,31354.929,30078.111,2761.54700
ETH,Quoine,JPY,31000,29000,2990
ETH,Cryptopia,NZDT,355.33,359.0012,31.0054497
ETH,Cryptopia,DOGE,131690.871,131500.000,16039.7448
ETH,CCEX,DOGE,81200,81200,0
ETH,Bleutrade,DOGE,128445,134999.999,15999.4444
ETH,Tidex,WUSD,266.316089,265.25,11.2004970
ETH,Tidex,WEUR,229.060021,238.364358,17.8315548
YBC,BTC38,CNY,39.2,39.4,2.70000000
YBC,BitTrex,BTC,0.00280001,0.00280001,0
YBC,Cryptsy,BTC,0.00150076,0.00150076,0
YBC,Yobit,BTC,0.54999973,0.54999974,1.99999999
XRP,Bitfinex,BTC,0.00005179,0.00005364,0.00000330
XRP,BTER,BTC,0.0000598,0.000063,0.00002680
XRP,TheRockTrading,BTC,0.00005377,0.00006133,0.00001046
XRP,Cryptsy,BTC,0.00001148,0.00001148,0
XRP,CCEDK,BTC,0.0564,0.0564,0
XRP,Kraken,BTC,0.00005175,0.00005343,0.00000305
XRP,BTC38,BTC,0.0000085,0.0000085,0
XRP,BitTrex,BTC,0.00005148,0.00005329,0.00000357
XRP,Bitstamp,BTC,0.00005151,0.0000535,0.00000315
XRP,HitBTC,BTC,0.00005167,0.0000535,0.00000346
XRP,Poloniex,BTC,0.00005161,0.00005337,0.00000324
XRP,Coinone,KRW,203,203,5
XRP,TheRockTrading,EUR,0.15174506,0.15082956,0.00593505
XRP,Kraken,EUR,0.151015,0.151984,0.00500000
XRP,Bitstamp,EUR,0.15103,0.15234,0.00545999
XRP,CCEDK,EUR,0.46787,0.46787,0
XRP,BTC38,CNY,1.1989,1.2,0.03499999
XRP,Jubi,CNY,1.206659,1.197991,0.03920099
XRP,BTER,CNY,1.213,1.203,0.05800000
XRP,BitTrex,ETH,0.00063006,0.00066916,0.00006515
XRP,BTCXIndia,INR,11.55,11.6,0.41000000
XRP,Kraken,CAD,0.22691,0.226,0.01090700
XRP,Kraken,JPY,20.1506,20.1672,0.92569999
XMR,LiveCoin,BTC,0.01471366,0.01450076,0.00087075
XMR,Kraken,BTC,0.015038,0.014313,0.00133999
XMR,Poloniex,BTC,0.01511,0.01427259,0.00143269
XMR,Cryptsy,BTC,0.00161393,0.00161393,0
XMR,BTER,BTC,0.01527247,0.01444998,0.00127413
XMR,BitSquare,BTC,0.01709293,0.01709293,0
XMR,BitTrex,BTC,0.0151,0.01430675,0.00114350
XMR,HitBTC,BTC,0.015046,0.01433,0.00118099
XMR,CryptoX,BTC,0.01507761,0.01491712,0.00043595
XMR,Cryptopia,BTC,0.01486395,0.0143913,0.00128329
XMR,Bitfinex,BTC,0.015154,0.01429,0.00120300
XMR,Kraken,USD,51.78116,48.20738,4.75139000
XMR,BitTrex,USD,51.5,48.422,4.55899993
XMR,HitBTC,USD,51.52,47.73,4.55000000
XMR,Bitfinex,USD,51.517,47.904,4.36099999
XMR,LiveCoin,USD,49.45566,45.65027,5.81567000
XMR,Poloniex,USD,51.5,47.8879848,4.34200000
XMR,Kraken,EUR,43.79999,40.4,3.96781999
XMR,BTER,CNY,338,317.01,35.9950000
XMR,BitTrex,ETH,0.18993195,0.17800049,0.01542953
XMR,HitBTC,ETH,0.181899,0.179219,0.02799999
XMR,Cryptopia,ETH,0.15742779,0.15742779,0
XMR,Cryptopia,USDT,50,46,5
XMR,Cryptopia,LTC,1.13333333,1.0002634,0.13306993
XMR,Cryptsy,LTC,0.22,0.22,0
XMR,Cryptopia,DOGE,24294.3110,23300.0000,2231.85663
XMR,Cryptopia,NZDT,71.8144452,63.0091447,8.80530052
BTCD,Cryptsy,BTC,0.001893,0.001893,0
BTCD,BitTrex,BTC,0.01307015,0.01416,0.00135955
BTCD,Bleutrade,BTC,0.0135331,0.01287612,0.00200483
BTCD,Poloniex,BTC,0.01320218,0.01402227,0.00119863
BTCD,Cryptopia,BTC,0.01344628,0.01400165,0.00055536
BTCD,BTER,BTC,0.0028,0.0028,0
BTCD,Novaexchange,BTC,0.01000037,0.01000037,0
BTCD,Cryptopia,XMR,9.99999999,9.99999999,0
BTCD,Poloniex,XMR,0.885,0.98055022,0.11657237
